Depth_of_Cut,Feed_Rate,Cutting_Speed,Material,Tool,Predicted_Ra
0.25,0.1,100.0,20MnCr5,DNMG150608,2.572
0.25,0.1,100.0,EN AW-6082,DNMG150608,0.4985
0.25,0.1,100.0,41Cr4,DNMG150608,0.415
0.25,0.1,125.0,20MnCr5,DNMG150608,1.7292
0.25,0.1,125.0,EN AW-6082,DNMG150608,0.5057
0.25,0.1,125.0,41Cr4,DNMG150608,0.436
0.25,0.1,150.0,20MnCr5,DNMG150608,0.9335
0.25,0.1,150.0,EN AW-6082,DNMG150608,0.499
0.25,0.1,150.0,41Cr4,DNMG150608,0.4575
0.25,0.1,175.0,20MnCr5,DNMG150608,0.7346
0.25,0.1,175.0,EN AW-6082,DNMG150608,0.526
0.25,0.1,175.0,41Cr4,DNMG150608,0.45
0.25,0.1,200.0,20MnCr5,DNMG150608,0.5467
0.25,0.1,200.0,EN AW-6082,DNMG150608,0.535
0.25,0.1,200.0,41Cr4,DNMG150608,0.4407
0.25,0.1,225.0,20MnCr5,DNMG150608,0.5581
0.25,0.1,225.0,EN AW-6082,DNMG150608,0.5215
0.25,0.1,225.0,41Cr4,DNMG150608,0.4256
0.25,0.1,250.0,20MnCr5,DNMG150608,0.5665
0.25,0.1,250.0,EN AW-6082,DNMG150608,0.5017
0.25,0.1,250.0,41Cr4,DNMG150608,0.403
0.25,0.1,275.0,20MnCr5,DNMG150608,0.5706
0.25,0.1,275.0,EN AW-6082,DNMG150608,0.5017
0.25,0.1,275.0,41Cr4,DNMG150608,0.3839
0.25,0.1,300.0,20MnCr5,DNMG150608,0.5693
0.25,0.1,300.0,EN AW-6082,DNMG150608,0.5017
0.25,0.1,300.0,41Cr4,DNMG150608,0.3683
0.25,0.15,100.0,20MnCr5,DNMG150608,2.387
0.25,0.15,100.0,EN AW-6082,DNMG150608,1.0876
0.25,0.15,100.0,41Cr4,DNMG150608,0.8765
0.25,0.15,125.0,20MnCr5,DNMG150608,1.6598
0.25,0.15,125.0,EN AW-6082,DNMG150608,1.1129
0.25,0.15,125.0,41Cr4,DNMG150608,0.8934
0.25,0.15,150.0,20MnCr5,DNMG150608,1.0588
0.25,0.15,150.0,EN AW-6082,DNMG150608,1.1095
0.25,0.15,150.0,41Cr4,DNMG150608,0.8957
0.25,0.15,175.0,20MnCr5,DNMG150608,1.0187
0.25,0.15,175.0,EN AW-6082,DNMG150608,1.1273
0.25,0.15,175.0,41Cr4,DNMG150608,0.855
0.25,0.15,200.0,20MnCr5,DNMG150608,0.982
0.25,0.15,200.0,EN AW-6082,DNMG150608,1.146
0.25,0.15,200.0,41Cr4,DNMG150608,0.8147
0.25,0.15,225.0,20MnCr5,DNMG150608,0.9905
0.25,0.15,225.0,EN AW-6082,DNMG150608,1.1404
0.25,0.15,225.0,41Cr4,DNMG150608,0.8276
0.25,0.15,250.0,20MnCr5,DNMG150608,1.0067
0.25,0.15,250.0,EN AW-6082,DNMG150608,1.1355
0.25,0.15,250.0,41Cr4,DNMG150608,0.839
0.25,0.15,275.0,20MnCr5,DNMG150608,1.0077
0.25,0.15,275.0,EN AW-6082,DNMG150608,1.1382
0.25,0.15,275.0,41Cr4,DNMG150608,0.763
0.25,0.15,300.0,20MnCr5,DNMG150608,1.0216
0.25,0.15,300.0,EN AW-6082,DNMG150608,1.1342
0.25,0.15,300.0,41Cr4,DNMG150608,0.8163
0.25,0.2,100.0,20MnCr5,DNMG150608,2.026
0.25,0.2,100.0,EN AW-6082,DNMG150608,1.8193
0.25,0.2,100.0,41Cr4,DNMG150608,1.4987
0.25,0.2,125.0,20MnCr5,DNMG150608,1.9433
0.25,0.2,125.0,EN AW-6082,DNMG150608,1.8115
0.25,0.2,125.0,41Cr4,DNMG150608,1.4722
0.25,0.2,150.0,20MnCr5,DNMG150608,1.87
0.25,0.2,150.0,EN AW-6082,DNMG150608,1.8073
0.25,0.2,150.0,41Cr4,DNMG150608,1.476
0.25,0.2,175.0,20MnCr5,DNMG150608,1.8519
0.25,0.2,175.0,EN AW-6082,DNMG150608,1.8087
0.25,0.2,175.0,41Cr4,DNMG150608,1.496
0.25,0.2,200.0,20MnCr5,DNMG150608,1.8495
0.25,0.2,200.0,EN AW-6082,DNMG150608,1.814
0.25,0.2,200.0,41Cr4,DNMG150608,1.519
0.25,0.2,225.0,20MnCr5,DNMG150608,1.8162
0.25,0.2,225.0,EN AW-6082,DNMG150608,1.8144
0.25,0.2,225.0,41Cr4,DNMG150608,1.4866
0.25,0.2,250.0,20MnCr5,DNMG150608,1.7905
0.25,0.2,250.0,EN AW-6082,DNMG150608,1.8147
0.25,0.2,250.0,41Cr4,DNMG150608,1.4513
0.25,0.2,275.0,20MnCr5,DNMG150608,1.7902
0.25,0.2,275.0,EN AW-6082,DNMG150608,1.8073
0.25,0.2,275.0,41Cr4,DNMG150608,1.3818
0.25,0.2,300.0,20MnCr5,DNMG150608,1.79
0.25,0.2,300.0,EN AW-6082,DNMG150608,1.7997
0.25,0.2,300.0,41Cr4,DNMG150608,1.305
0.25,0.25,100.0,20MnCr5,DNMG150608,2.755
0.25,0.25,100.0,EN AW-6082,DNMG150608,2.7573
0.25,0.25,100.0,41Cr4,DNMG150608,2.44
0.25,0.25,125.0,20MnCr5,DNMG150608,2.7694
0.25,0.25,125.0,EN AW-6082,DNMG150608,2.7514
0.25,0.25,125.0,41Cr4,DNMG150608,2.3871
0.25,0.25,150.0,20MnCr5,DNMG150608,2.7857
0.25,0.25,150.0,EN AW-6082,DNMG150608,2.7447
0.25,0.25,150.0,41Cr4,DNMG150608,2.3417
0.25,0.25,175.0,20MnCr5,DNMG150608,2.784
0.25,0.25,175.0,EN AW-6082,DNMG150608,2.7475
0.25,0.25,175.0,41Cr4,DNMG150608,2.3584
0.25,0.25,200.0,20MnCr5,DNMG150608,2.7847
0.25,0.25,200.0,EN AW-6082,DNMG150608,2.753
0.25,0.25,200.0,41Cr4,DNMG150608,2.3777
0.25,0.25,225.0,20MnCr5,DNMG150608,2.7666
0.25,0.25,225.0,EN AW-6082,DNMG150608,2.7351
0.25,0.25,225.0,41Cr4,DNMG150608,2.3381
0.25,0.25,250.0,20MnCr5,DNMG150608,2.7503
0.25,0.25,250.0,EN AW-6082,DNMG150608,2.721
0.25,0.25,250.0,41Cr4,DNMG150608,2.3037
0.25,0.25,275.0,20MnCr5,DNMG150608,2.7588
0.25,0.25,275.0,EN AW-6082,DNMG150608,2.7212
0.25,0.25,275.0,41Cr4,DNMG150608,2.3078
0.25,0.25,300.0,20MnCr5,DNMG150608,2.7665
0.25,0.25,300.0,EN AW-6082,DNMG150608,2.7213
0.25,0.25,300.0,41Cr4,DNMG150608,2.316
0.25,0.3,100.0,20MnCr5,DNMG150608,3.8335
0.25,0.3,100.0,EN AW-6082,DNMG150608,3.9163
0.25,0.3,100.0,41Cr4,DNMG150608,3.5503
0.25,0.3,125.0,20MnCr5,DNMG150608,3.8499
0.25,0.3,125.0,EN AW-6082,DNMG150608,3.8973
0.25,0.3,125.0,41Cr4,DNMG150608,3.5434
0.25,0.3,150.0,20MnCr5,DNMG150608,3.8687
0.25,0.3,150.0,EN AW-6082,DNMG150608,3.877
0.25,0.3,150.0,41Cr4,DNMG150608,3.5367
0.25,0.3,175.0,20MnCr5,DNMG150608,3.8299
0.25,0.3,175.0,EN AW-6082,DNMG150608,3.8626
0.25,0.3,175.0,41Cr4,DNMG150608,3.5001
0.25,0.3,200.0,20MnCr5,DNMG150608,3.792
0.25,0.3,200.0,EN AW-6082,DNMG150608,3.85
0.25,0.3,200.0,41Cr4,DNMG150608,3.4613
0.25,0.3,225.0,20MnCr5,DNMG150608,3.7961
0.25,0.3,225.0,EN AW-6082,DNMG150608,3.852
0.25,0.3,225.0,41Cr4,DNMG150608,3.4642
0.25,0.3,250.0,20MnCr5,DNMG150608,3.8015
0.25,0.3,250.0,EN AW-6082,DNMG150608,3.8543
0.25,0.3,250.0,41Cr4,DNMG150608,3.4673
0.25,0.3,275.0,20MnCr5,DNMG150608,3.8005
0.25,0.3,275.0,EN AW-6082,DNMG150608,3.8514
0.25,0.3,275.0,41Cr4,DNMG150608,3.4557
0.25,0.3,300.0,20MnCr5,DNMG150608,3.7995
0.25,0.3,300.0,EN AW-6082,DNMG150608,3.8485
0.25,0.3,300.0,41Cr4,DNMG150608,3.443
0.5,0.1,100.0,20MnCr5,DNMG150608,2.572
0.5,0.1,100.0,EN AW-6082,DNMG150608,0.4985
0.5,0.1,100.0,41Cr4,DNMG150608,0.415
0.5,0.1,125.0,20MnCr5,DNMG150608,1.7292
0.5,0.1,125.0,EN AW-6082,DNMG150608,0.5057
0.5,0.1,125.0,41Cr4,DNMG150608,0.436
0.5,0.1,150.0,20MnCr5,DNMG150608,0.9335
0.5,0.1,150.0,EN AW-6082,DNMG150608,0.499
0.5,0.1,150.0,41Cr4,DNMG150608,0.4575
0.5,0.1,175.0,20MnCr5,DNMG150608,0.7346
0.5,0.1,175.0,EN AW-6082,DNMG150608,0.526
0.5,0.1,175.0,41Cr4,DNMG150608,0.45
0.5,0.1,200.0,20MnCr5,DNMG150608,0.5467
0.5,0.1,200.0,EN AW-6082,DNMG150608,0.535
0.5,0.1,200.0,41Cr4,DNMG150608,0.4407
0.5,0.1,225.0,20MnCr5,DNMG150608,0.5581
0.5,0.1,225.0,EN AW-6082,DNMG150608,0.5215
0.5,0.1,225.0,41Cr4,DNMG150608,0.4256
0.5,0.1,250.0,20MnCr5,DNMG150608,0.5665
0.5,0.1,250.0,EN AW-6082,DNMG150608,0.5017
0.5,0.1,250.0,41Cr4,DNMG150608,0.403
0.5,0.1,275.0,20MnCr5,DNMG150608,0.5706
0.5,0.1,275.0,EN AW-6082,DNMG150608,0.5017
0.5,0.1,275.0,41Cr4,DNMG150608,0.3839
0.5,0.1,300.0,20MnCr5,DNMG150608,0.5693
0.5,0.1,300.0,EN AW-6082,DNMG150608,0.5017
0.5,0.1,300.0,41Cr4,DNMG150608,0.3683
0.5,0.15,100.0,20MnCr5,DNMG150608,2.387
0.5,0.15,100.0,EN AW-6082,DNMG150608,1.047
0.5,0.15,100.0,41Cr4,DNMG150608,0.8765
0.5,0.15,125.0,20MnCr5,DNMG150608,1.6833
0.5,0.15,125.0,EN AW-6082,DNMG150608,1.0479
0.5,0.15,125.0,41Cr4,DNMG150608,0.8934
0.5,0.15,150.0,20MnCr5,DNMG150608,1.103
0.5,0.15,150.0,EN AW-6082,DNMG150608,1.02
0.5,0.15,150.0,41Cr4,DNMG150608,0.8957
0.5,0.15,175.0,20MnCr5,DNMG150608,1.0854
0.5,0.15,175.0,EN AW-6082,DNMG150608,1.034
0.5,0.15,175.0,41Cr4,DNMG150608,0.855
0.5,0.15,200.0,20MnCr5,DNMG150608,1.0685
0.5,0.15,200.0,EN AW-6082,DNMG150608,1.0445
0.5,0.15,200.0,41Cr4,DNMG150608,0.8147
0.5,0.15,225.0,20MnCr5,DNMG150608,1.0851
0.5,0.15,225.0,EN AW-6082,DNMG150608,1.0305
0.5,0.15,225.0,41Cr4,DNMG150608,0.8276
0.5,0.15,250.0,20MnCr5,DNMG150608,1.112
0.5,0.15,250.0,EN AW-6082,DNMG150608,1.0145
0.5,0.15,250.0,41Cr4,DNMG150608,0.839
0.5,0.15,275.0,20MnCr5,DNMG150608,1.1033
0.5,0.15,275.0,EN AW-6082,DNMG150608,1.0188
0.5,0.15,275.0,41Cr4,DNMG150608,0.763
0.5,0.15,300.0,20MnCr5,DNMG150608,1.102
0.5,0.15,300.0,EN AW-6082,DNMG150608,1.015
0.5,0.15,300.0,41Cr4,DNMG150608,0.8163
0.5,0.2,100.0,20MnCr5,DNMG150608,2.026
0.5,0.2,100.0,EN AW-6082,DNMG150608,1.8193
0.5,0.2,100.0,41Cr4,DNMG150608,1.4987
0.5,0.2,125.0,20MnCr5,DNMG150608,1.9433
0.5,0.2,125.0,EN AW-6082,DNMG150608,1.8115
0.5,0.2,125.0,41Cr4,DNMG150608,1.4722
0.5,0.2,150.0,20MnCr5,DNMG150608,1.87
0.5,0.2,150.0,EN AW-6082,DNMG150608,1.8073
0.5,0.2,150.0,41Cr4,DNMG150608,1.476
0.5,0.2,175.0,20MnCr5,DNMG150608,1.8519
0.5,0.2,175.0,EN AW-6082,DNMG150608,1.8087
0.5,0.2,175.0,41Cr4,DNMG150608,1.496
0.5,0.2,200.0,20MnCr5,DNMG150608,1.8495
0.5,0.2,200.0,EN AW-6082,DNMG150608,1.814
0.5,0.2,200.0,41Cr4,DNMG150608,1.519
0.5,0.2,225.0,20MnCr5,DNMG150608,1.8162
0.5,0.2,225.0,EN AW-6082,DNMG150608,1.8144
0.5,0.2,225.0,41Cr4,DNMG150608,1.4866
0.5,0.2,250.0,20MnCr5,DNMG150608,1.7905
0.5,0.2,250.0,EN AW-6082,DNMG150608,1.8147
0.5,0.2,250.0,41Cr4,DNMG150608,1.4513
0.5,0.2,275.0,20MnCr5,DNMG150608,1.7902
0.5,0.2,275.0,EN AW-6082,DNMG150608,1.8073
0.5,0.2,275.0,41Cr4,DNMG150608,1.3818
0.5,0.2,300.0,20MnCr5,DNMG150608,1.79
0.5,0.2,300.0,EN AW-6082,DNMG150608,1.7997
0.5,0.2,300.0,41Cr4,DNMG150608,1.305
0.5,0.25,100.0,20MnCr5,DNMG150608,2.755
0.5,0.25,100.0,EN AW-6082,DNMG150608,2.7573
0.5,0.25,100.0,41Cr4,DNMG150608,2.44
0.5,0.25,125.0,20MnCr5,DNMG150608,2.7694
0.5,0.25,125.0,EN AW-6082,DNMG150608,2.7514
0.5,0.25,125.0,41Cr4,DNMG150608,2.3871
0.5,0.25,150.0,20MnCr5,DNMG150608,2.7857
0.5,0.25,150.0,EN AW-6082,DNMG150608,2.7447
0.5,0.25,150.0,41Cr4,DNMG150608,2.3417
0.5,0.25,175.0,20MnCr5,DNMG150608,2.784
0.5,0.25,175.0,EN AW-6082,DNMG150608,2.7475
0.5,0.25,175.0,41Cr4,DNMG150608,2.3584
0.5,0.25,200.0,20MnCr5,DNMG150608,2.7847
0.5,0.25,200.0,EN AW-6082,DNMG150608,2.753
0.5,0.25,200.0,41Cr4,DNMG150608,2.3777
0.5,0.25,225.0,20MnCr5,DNMG150608,2.7666
0.5,0.25,225.0,EN AW-6082,DNMG150608,2.7351
0.5,0.25,225.0,41Cr4,DNMG150608,2.3381
0.5,0.25,250.0,20MnCr5,DNMG150608,2.7503
0.5,0.25,250.0,EN AW-6082,DNMG150608,2.721
0.5,0.25,250.0,41Cr4,DNMG150608,2.3037
0.5,0.25,275.0,20MnCr5,DNMG150608,2.7588
0.5,0.25,275.0,EN AW-6082,DNMG150608,2.7212
0.5,0.25,275.0,41Cr4,DNMG150608,2.3078
0.5,0.25,300.0,20MnCr5,DNMG150608,2.7665
0.5,0.25,300.0,EN AW-6082,DNMG150608,2.7213
0.5,0.25,300.0,41Cr4,DNMG150608,2.316
0.5,0.3,100.0,20MnCr5,DNMG150608,3.8335
0.5,0.3,100.0,EN AW-6082,DNMG150608,3.9163
0.5,0.3,100.0,41Cr4,DNMG150608,3.5503
0.5,0.3,125.0,20MnCr5,DNMG150608,3.8499
0.5,0.3,125.0,EN AW-6082,DNMG150608,3.8973
0.5,0.3,125.0,41Cr4,DNMG150608,3.5434
0.5,0.3,150.0,20MnCr5,DNMG150608,3.8687
0.5,0.3,150.0,EN AW-6082,DNMG150608,3.877
0.5,0.3,150.0,41Cr4,DNMG150608,3.5367
0.5,0.3,175.0,20MnCr5,DNMG150608,3.8299
0.5,0.3,175.0,EN AW-6082,DNMG150608,3.8626
0.5,0.3,175.0,41Cr4,DNMG150608,3.5001
0.5,0.3,200.0,20MnCr5,DNMG150608,3.792
0.5,0.3,200.0,EN AW-6082,DNMG150608,3.85
0.5,0.3,200.0,41Cr4,DNMG150608,3.4613
0.5,0.3,225.0,20MnCr5,DNMG150608,3.7961
0.5,0.3,225.0,EN AW-6082,DNMG150608,3.852
0.5,0.3,225.0,41Cr4,DNMG150608,3.4642
0.5,0.3,250.0,20MnCr5,DNMG150608,3.8015
0.5,0.3,250.0,EN AW-6082,DNMG150608,3.8543
0.5,0.3,250.0,41Cr4,DNMG150608,3.4673
0.5,0.3,275.0,20MnCr5,DNMG150608,3.8005
0.5,0.3,275.0,EN AW-6082,DNMG150608,3.8514
0.5,0.3,275.0,41Cr4,DNMG150608,3.4557
0.5,0.3,300.0,20MnCr5,DNMG150608,3.7995
0.5,0.3,300.0,EN AW-6082,DNMG150608,3.8485
0.5,0.3,300.0,41Cr4,DNMG150608,3.443
0.75,0.1,100.0,20MnCr5,DNMG150608,1.398
0.75,0.1,100.0,EN AW-6082,DNMG150608,0.685
0.75,0.1,100.0,41Cr4,DNMG150608,0.552
0.75,0.1,125.0,20MnCr5,DNMG150608,1.1362
0.75,0.1,125.0,EN AW-6082,DNMG150608,0.6531
0.75,0.1,125.0,41Cr4,DNMG150608,0.5203
0.75,0.1,150.0,20MnCr5,DNMG150608,0.8742
0.75,0.1,150.0,EN AW-6082,DNMG150608,0.5972
0.75,0.1,150.0,41Cr4,DNMG150608,0.4676
0.75,0.1,175.0,20MnCr5,DNMG150608,0.6159
0.75,0.1,175.0,EN AW-6082,DNMG150608,0.5878
0.75,0.1,175.0,41Cr4,DNMG150608,0.4053
0.75,0.1,200.0,20MnCr5,DNMG150608,0.403
0.75,0.1,200.0,EN AW-6082,DNMG150608,0.567
0.75,0.1,200.0,41Cr4,DNMG150608,0.362
0.75,0.1,225.0,20MnCr5,DNMG150608,0.4135
0.75,0.1,225.0,EN AW-6082,DNMG150608,0.5679
0.75,0.1,225.0,41Cr4,DNMG150608,0.3776
0.75,0.1,250.0,20MnCr5,DNMG150608,0.424
0.75,0.1,250.0,EN AW-6082,DNMG150608,0.5677
0.75,0.1,250.0,41Cr4,DNMG150608,0.3978
0.75,0.1,275.0,20MnCr5,DNMG150608,0.4195
0.75,0.1,275.0,EN AW-6082,DNMG150608,0.5682
0.75,0.1,275.0,41Cr4,DNMG150608,0.4167
0.75,0.1,300.0,20MnCr5,DNMG150608,0.406
0.75,0.1,300.0,EN AW-6082,DNMG150608,0.568
0.75,0.1,300.0,41Cr4,DNMG150608,0.431
0.75,0.15,100.0,20MnCr5,DNMG150608,1.093
0.75,0.15,100.0,EN AW-6082,DNMG150608,1.1514
0.75,0.15,100.0,41Cr4,DNMG150608,0.947
0.75,0.15,125.0,20MnCr5,DNMG150608,1.0641
0.75,0.15,125.0,EN AW-6082,DNMG150608,1.1466
0.75,0.15,125.0,41Cr4,DNMG150608,0.9341
0.75,0.15,150.0,20MnCr5,DNMG150608,1.0497
0.75,0.15,150.0,EN AW-6082,DNMG150608,1.1251
0.75,0.15,150.0,41Cr4,DNMG150608,0.9132
0.75,0.15,175.0,20MnCr5,DNMG150608,0.9986
0.75,0.15,175.0,EN AW-6082,DNMG150608,1.1318
0.75,0.15,175.0,41Cr4,DNMG150608,0.8673
0.75,0.15,200.0,20MnCr5,DNMG150608,0.961
0.75,0.15,200.0,EN AW-6082,DNMG150608,1.136
0.75,0.15,200.0,41Cr4,DNMG150608,0.8246
0.75,0.15,225.0,20MnCr5,DNMG150608,0.9542
0.75,0.15,225.0,EN AW-6082,DNMG150608,1.1327
0.75,0.15,225.0,41Cr4,DNMG150608,0.8005
0.75,0.15,250.0,20MnCr5,DNMG150608,0.9548
0.75,0.15,250.0,EN AW-6082,DNMG150608,1.1319
0.75,0.15,250.0,41Cr4,DNMG150608,0.7752
0.75,0.15,275.0,20MnCr5,DNMG150608,0.9603
0.75,0.15,275.0,EN AW-6082,DNMG150608,1.1367
0.75,0.15,275.0,41Cr4,DNMG150608,0.7006
0.75,0.15,300.0,20MnCr5,DNMG150608,0.9819
0.75,0.15,300.0,EN AW-6082,DNMG150608,1.13
0.75,0.15,300.0,41Cr4,DNMG150608,0.7815
0.75,0.2,100.0,20MnCr5,DNMG150608,1.8966
0.75,0.2,100.0,EN AW-6082,DNMG150608,1.822
0.75,0.2,100.0,41Cr4,DNMG150608,1.534
0.75,0.2,125.0,20MnCr5,DNMG150608,1.8478
0.75,0.2,125.0,EN AW-6082,DNMG150608,1.8151
0.75,0.2,125.0,41Cr4,DNMG150608,1.4897
0.75,0.2,150.0,20MnCr5,DNMG150608,1.7974
0.75,0.2,150.0,EN AW-6082,DNMG150608,1.8127
0.75,0.2,150.0,41Cr4,DNMG150608,1.4938
0.75,0.2,175.0,20MnCr5,DNMG150608,1.7628
0.75,0.2,175.0,EN AW-6082,DNMG150608,1.813
0.75,0.2,175.0,41Cr4,DNMG150608,1.5077
0.75,0.2,200.0,20MnCr5,DNMG150608,1.744
0.75,0.2,200.0,EN AW-6082,DNMG150608,1.832
0.75,0.2,200.0,41Cr4,DNMG150608,1.5222
0.75,0.2,225.0,20MnCr5,DNMG150608,1.7461
0.75,0.2,225.0,EN AW-6082,DNMG150608,1.8274
0.75,0.2,225.0,41Cr4,DNMG150608,1.52
0.75,0.2,250.0,20MnCr5,DNMG150608,1.7478
0.75,0.2,250.0,EN AW-6082,DNMG150608,1.8234
0.75,0.2,250.0,41Cr4,DNMG150608,1.5155
0.75,0.2,275.0,20MnCr5,DNMG150608,1.7495
0.75,0.2,275.0,EN AW-6082,DNMG150608,1.8134
0.75,0.2,275.0,41Cr4,DNMG150608,1.4534
0.75,0.2,300.0,20MnCr5,DNMG150608,1.751
0.75,0.2,300.0,EN AW-6082,DNMG150608,1.8029
0.75,0.2,300.0,41Cr4,DNMG150608,1.385
0.75,0.25,100.0,20MnCr5,DNMG150608,2.664
0.75,0.25,100.0,EN AW-6082,DNMG150608,2.692
0.75,0.25,100.0,41Cr4,DNMG150608,2.3741
0.75,0.25,125.0,20MnCr5,DNMG150608,2.6694
0.75,0.25,125.0,EN AW-6082,DNMG150608,2.6912
0.75,0.25,125.0,41Cr4,DNMG150608,2.3567
0.75,0.25,150.0,20MnCr5,DNMG150608,2.6746
0.75,0.25,150.0,EN AW-6082,DNMG150608,2.6906
0.75,0.25,150.0,41Cr4,DNMG150608,2.3365
0.75,0.25,175.0,20MnCr5,DNMG150608,2.6799
0.75,0.25,175.0,EN AW-6082,DNMG150608,2.6897
0.75,0.25,175.0,41Cr4,DNMG150608,2.3328
0.75,0.25,200.0,20MnCr5,DNMG150608,2.6828
0.75,0.25,200.0,EN AW-6082,DNMG150608,2.689
0.75,0.25,200.0,41Cr4,DNMG150608,2.329
0.75,0.25,225.0,20MnCr5,DNMG150608,2.6784
0.75,0.25,225.0,EN AW-6082,DNMG150608,2.6881
0.75,0.25,225.0,41Cr4,DNMG150608,2.3298
0.75,0.25,250.0,20MnCr5,DNMG150608,2.6729
0.75,0.25,250.0,EN AW-6082,DNMG150608,2.6872
0.75,0.25,250.0,41Cr4,DNMG150608,2.3299
0.75,0.25,275.0,20MnCr5,DNMG150608,2.6627
0.75,0.25,275.0,EN AW-6082,DNMG150608,2.686
0.75,0.25,275.0,41Cr4,DNMG150608,2.3405
0.75,0.25,300.0,20MnCr5,DNMG150608,2.656
0.75,0.25,300.0,EN AW-6082,DNMG150608,2.685
0.75,0.25,300.0,41Cr4,DNMG150608,2.356
0.75,0.3,100.0,20MnCr5,DNMG150608,3.854
0.75,0.3,100.0,EN AW-6082,DNMG150608,3.858
0.75,0.3,100.0,41Cr4,DNMG150608,3.535
0.75,0.3,125.0,20MnCr5,DNMG150608,3.8551
0.75,0.3,125.0,EN AW-6082,DNMG150608,3.8455
0.75,0.3,125.0,41Cr4,DNMG150608,3.5358
0.75,0.3,150.0,20MnCr5,DNMG150608,3.8543
0.75,0.3,150.0,EN AW-6082,DNMG150608,3.8278
0.75,0.3,150.0,41Cr4,DNMG150608,3.5367
0.75,0.3,175.0,20MnCr5,DNMG150608,3.8234
0.75,0.3,175.0,EN AW-6082,DNMG150608,3.8016
0.75,0.3,175.0,41Cr4,DNMG150608,3.5155
0.75,0.3,200.0,20MnCr5,DNMG150608,3.793
0.75,0.3,200.0,EN AW-6082,DNMG150608,3.77
0.75,0.3,200.0,41Cr4,DNMG150608,3.493
0.75,0.3,225.0,20MnCr5,DNMG150608,3.7921
0.75,0.3,225.0,EN AW-6082,DNMG150608,3.7717
0.75,0.3,225.0,41Cr4,DNMG150608,3.4885
0.75,0.3,250.0,20MnCr5,DNMG150608,3.7909
0.75,0.3,250.0,EN AW-6082,DNMG150608,3.7742
0.75,0.3,250.0,41Cr4,DNMG150608,3.4837
0.75,0.3,275.0,20MnCr5,DNMG150608,3.7877
0.75,0.3,275.0,EN AW-6082,DNMG150608,3.7707
0.75,0.3,275.0,41Cr4,DNMG150608,3.4833
0.75,0.3,300.0,20MnCr5,DNMG150608,3.784
0.75,0.3,300.0,EN AW-6082,DNMG150608,3.768
0.75,0.3,300.0,41Cr4,DNMG150608,3.483
1.0,0.1,100.0,20MnCr5,DNMG150608,0.578
1.0,0.1,100.0,EN AW-6082,DNMG150608,0.589
1.0,0.1,100.0,41Cr4,DNMG150608,0.628
1.0,0.1,125.0,20MnCr5,DNMG150608,0.7264
1.0,0.1,125.0,EN AW-6082,DNMG150608,0.5989
1.0,0.1,125.0,41Cr4,DNMG150608,0.5618
1.0,0.1,150.0,20MnCr5,DNMG150608,0.7297
1.0,0.1,150.0,EN AW-6082,DNMG150608,0.5951
1.0,0.1,150.0,41Cr4,DNMG150608,0.5253
1.0,0.1,175.0,20MnCr5,DNMG150608,0.5829
1.0,0.1,175.0,EN AW-6082,DNMG150608,0.6214
1.0,0.1,175.0,41Cr4,DNMG150608,0.5279
1.0,0.1,200.0,20MnCr5,DNMG150608,0.457
1.0,0.1,200.0,EN AW-6082,DNMG150608,0.649
1.0,0.1,200.0,41Cr4,DNMG150608,0.525
1.0,0.1,225.0,20MnCr5,DNMG150608,0.4591
1.0,0.1,225.0,EN AW-6082,DNMG150608,0.6367
1.0,0.1,225.0,41Cr4,DNMG150608,0.4948
1.0,0.1,250.0,20MnCr5,DNMG150608,0.4621
1.0,0.1,250.0,EN AW-6082,DNMG150608,0.6191
1.0,0.1,250.0,41Cr4,DNMG150608,0.4481
1.0,0.1,275.0,20MnCr5,DNMG150608,0.4561
1.0,0.1,275.0,EN AW-6082,DNMG150608,0.6135
1.0,0.1,275.0,41Cr4,DNMG150608,0.4278
1.0,0.1,300.0,20MnCr5,DNMG150608,0.443
1.0,0.1,300.0,EN AW-6082,DNMG150608,0.6079
1.0,0.1,300.0,41Cr4,DNMG150608,0.396
1.0,0.15,100.0,20MnCr5,DNMG150608,1.049
1.0,0.15,100.0,EN AW-6082,DNMG150608,1.227
1.0,0.15,100.0,41Cr4,DNMG150608,0.907
1.0,0.15,125.0,20MnCr5,DNMG150608,1.0373
1.0,0.15,125.0,EN AW-6082,DNMG150608,1.1991
1.0,0.15,125.0,41Cr4,DNMG150608,0.9067
1.0,0.15,150.0,20MnCr5,DNMG150608,1.0365
1.0,0.15,150.0,EN AW-6082,DNMG150608,1.1709
1.0,0.15,150.0,41Cr4,DNMG150608,0.8978
1.0,0.15,175.0,20MnCr5,DNMG150608,1.0029
1.0,0.15,175.0,EN AW-6082,DNMG150608,1.162
1.0,0.15,175.0,41Cr4,DNMG150608,0.8696
1.0,0.15,200.0,20MnCr5,DNMG150608,0.9857
1.0,0.15,200.0,EN AW-6082,DNMG150608,1.157
1.0,0.15,200.0,41Cr4,DNMG150608,0.846
1.0,0.15,225.0,20MnCr5,DNMG150608,0.9817
1.0,0.15,225.0,EN AW-6082,DNMG150608,1.1496
1.0,0.15,225.0,41Cr4,DNMG150608,0.823
1.0,0.15,250.0,20MnCr5,DNMG150608,0.9784
1.0,0.15,250.0,EN AW-6082,DNMG150608,1.1435
1.0,0.15,250.0,41Cr4,DNMG150608,0.7957
1.0,0.15,275.0,20MnCr5,DNMG150608,0.9843
1.0,0.15,275.0,EN AW-6082,DNMG150608,1.1419
1.0,0.15,275.0,41Cr4,DNMG150608,0.7209
1.0,0.15,300.0,20MnCr5,DNMG150608,1.0
1.0,0.15,300.0,EN AW-6082,DNMG150608,1.13
1.0,0.15,300.0,41Cr4,DNMG150608,0.801
1.0,0.2,100.0,20MnCr5,DNMG150608,1.831
1.0,0.2,100.0,EN AW-6082,DNMG150608,1.817
1.0,0.2,100.0,41Cr4,DNMG150608,1.522
1.0,0.2,125.0,20MnCr5,DNMG150608,1.8277
1.0,0.2,125.0,EN AW-6082,DNMG150608,1.8017
1.0,0.2,125.0,41Cr4,DNMG150608,1.4873
1.0,0.2,150.0,20MnCr5,DNMG150608,1.8184
1.0,0.2,150.0,EN AW-6082,DNMG150608,1.7915
1.0,0.2,150.0,41Cr4,DNMG150608,1.4938
1.0,0.2,175.0,20MnCr5,DNMG150608,1.7953
1.0,0.2,175.0,EN AW-6082,DNMG150608,1.7754
1.0,0.2,175.0,41Cr4,DNMG150608,1.5071
1.0,0.2,200.0,20MnCr5,DNMG150608,1.817
1.0,0.2,200.0,EN AW-6082,DNMG150608,1.772
1.0,0.2,200.0,41Cr4,DNMG150608,1.5208
1.0,0.2,225.0,20MnCr5,DNMG150608,1.8118
1.0,0.2,225.0,EN AW-6082,DNMG150608,1.7809
1.0,0.2,225.0,41Cr4,DNMG150608,1.5234
1.0,0.2,250.0,20MnCr5,DNMG150608,1.8067
1.0,0.2,250.0,EN AW-6082,DNMG150608,1.7889
1.0,0.2,250.0,41Cr4,DNMG150608,1.5255
1.0,0.2,275.0,20MnCr5,DNMG150608,1.8023
1.0,0.2,275.0,EN AW-6082,DNMG150608,1.7906
1.0,0.2,275.0,41Cr4,DNMG150608,1.4946
1.0,0.2,300.0,20MnCr5,DNMG150608,1.798
1.0,0.2,300.0,EN AW-6082,DNMG150608,1.791
1.0,0.2,300.0,41Cr4,DNMG150608,1.461
1.0,0.25,100.0,20MnCr5,DNMG150608,2.7158
1.0,0.25,100.0,EN AW-6082,DNMG150608,2.658
1.0,0.25,100.0,41Cr4,DNMG150608,2.318
1.0,0.25,125.0,20MnCr5,DNMG150608,2.7262
1.0,0.25,125.0,EN AW-6082,DNMG150608,2.661
1.0,0.25,125.0,41Cr4,DNMG150608,2.3313
1.0,0.25,150.0,20MnCr5,DNMG150608,2.7403
1.0,0.25,150.0,EN AW-6082,DNMG150608,2.6684
1.0,0.25,150.0,41Cr4,DNMG150608,2.3408
1.0,0.25,175.0,20MnCr5,DNMG150608,2.7518
1.0,0.25,175.0,EN AW-6082,DNMG150608,2.6753
1.0,0.25,175.0,41Cr4,DNMG150608,2.3435
1.0,0.25,200.0,20MnCr5,DNMG150608,2.759
1.0,0.25,200.0,EN AW-6082,DNMG150608,2.6794
1.0,0.25,200.0,41Cr4,DNMG150608,2.346
1.0,0.25,225.0,20MnCr5,DNMG150608,2.7492
1.0,0.25,225.0,EN AW-6082,DNMG150608,2.6783
1.0,0.25,225.0,41Cr4,DNMG150608,2.3388
1.0,0.25,250.0,20MnCr5,DNMG150608,2.7385
1.0,0.25,250.0,EN AW-6082,DNMG150608,2.6751
1.0,0.25,250.0,41Cr4,DNMG150608,2.3318
1.0,0.25,275.0,20MnCr5,DNMG150608,2.7276
1.0,0.25,275.0,EN AW-6082,DNMG150608,2.6729
1.0,0.25,275.0,41Cr4,DNMG150608,2.3379
1.0,0.25,300.0,20MnCr5,DNMG150608,2.719
1.0,0.25,300.0,EN AW-6082,DNMG150608,2.6716
1.0,0.25,300.0,41Cr4,DNMG150608,2.348
1.0,0.3,100.0,20MnCr5,DNMG150608,3.908
1.0,0.3,100.0,EN AW-6082,DNMG150608,3.858
1.0,0.3,100.0,41Cr4,DNMG150608,3.566
1.0,0.3,125.0,20MnCr5,DNMG150608,3.899
1.0,0.3,125.0,EN AW-6082,DNMG150608,3.8479
1.0,0.3,125.0,41Cr4,DNMG150608,3.5553
1.0,0.3,150.0,20MnCr5,DNMG150608,3.8852
1.0,0.3,150.0,EN AW-6082,DNMG150608,3.833
1.0,0.3,150.0,41Cr4,DNMG150608,3.545
1.0,0.3,175.0,20MnCr5,DNMG150608,3.8536
1.0,0.3,175.0,EN AW-6082,DNMG150608,3.8099
1.0,0.3,175.0,41Cr4,DNMG150608,3.5317
1.0,0.3,200.0,20MnCr5,DNMG150608,3.8185
1.0,0.3,200.0,EN AW-6082,DNMG150608,3.7822
1.0,0.3,200.0,41Cr4,DNMG150608,3.518
1.0,0.3,225.0,20MnCr5,DNMG150608,3.8174
1.0,0.3,225.0,EN AW-6082,DNMG150608,3.7868
1.0,0.3,225.0,41Cr4,DNMG150608,3.5042
1.0,0.3,250.0,20MnCr5,DNMG150608,3.815
1.0,0.3,250.0,EN AW-6082,DNMG150608,3.7928
1.0,0.3,250.0,41Cr4,DNMG150608,3.4908
1.0,0.3,275.0,20MnCr5,DNMG150608,3.8113
1.0,0.3,275.0,EN AW-6082,DNMG150608,3.7949
1.0,0.3,275.0,41Cr4,DNMG150608,3.4848
1.0,0.3,300.0,20MnCr5,DNMG150608,3.8065
1.0,0.3,300.0,EN AW-6082,DNMG150608,3.798
1.0,0.3,300.0,41Cr4,DNMG150608,3.479
1.25,0.1,100.0,20MnCr5,DNMG150608,0.578
1.25,0.1,100.0,EN AW-6082,DNMG150608,0.589
1.25,0.1,100.0,41Cr4,DNMG150608,0.628
1.25,0.1,125.0,20MnCr5,DNMG150608,0.7264
1.25,0.1,125.0,EN AW-6082,DNMG150608,0.5989
1.25,0.1,125.0,41Cr4,DNMG150608,0.5618
1.25,0.1,150.0,20MnCr5,DNMG150608,0.7297
1.25,0.1,150.0,EN AW-6082,DNMG150608,0.5951
1.25,0.1,150.0,41Cr4,DNMG150608,0.5253
1.25,0.1,175.0,20MnCr5,DNMG150608,0.5829
1.25,0.1,175.0,EN AW-6082,DNMG150608,0.6214
1.25,0.1,175.0,41Cr4,DNMG150608,0.5279
1.25,0.1,200.0,20MnCr5,DNMG150608,0.457
1.25,0.1,200.0,EN AW-6082,DNMG150608,0.649
1.25,0.1,200.0,41Cr4,DNMG150608,0.525
1.25,0.1,225.0,20MnCr5,DNMG150608,0.4591
1.25,0.1,225.0,EN AW-6082,DNMG150608,0.6367
1.25,0.1,225.0,41Cr4,DNMG150608,0.4948
1.25,0.1,250.0,20MnCr5,DNMG150608,0.4621
1.25,0.1,250.0,EN AW-6082,DNMG150608,0.6191
1.25,0.1,250.0,41Cr4,DNMG150608,0.4481
1.25,0.1,275.0,20MnCr5,DNMG150608,0.4561
1.25,0.1,275.0,EN AW-6082,DNMG150608,0.6135
1.25,0.1,275.0,41Cr4,DNMG150608,0.4278
1.25,0.1,300.0,20MnCr5,DNMG150608,0.443
1.25,0.1,300.0,EN AW-6082,DNMG150608,0.6079
1.25,0.1,300.0,41Cr4,DNMG150608,0.396
1.25,0.15,100.0,20MnCr5,DNMG150608,1.0488
1.25,0.15,100.0,EN AW-6082,DNMG150608,1.2107
1.25,0.15,100.0,41Cr4,DNMG150608,0.907
1.25,0.15,125.0,20MnCr5,DNMG150608,1.0387
1.25,0.15,125.0,EN AW-6082,DNMG150608,1.1826
1.25,0.15,125.0,41Cr4,DNMG150608,0.9066
1.25,0.15,150.0,20MnCr5,DNMG150608,1.0402
1.25,0.15,150.0,EN AW-6082,DNMG150608,1.1536
1.25,0.15,150.0,41Cr4,DNMG150608,0.8977
1.25,0.15,175.0,20MnCr5,DNMG150608,1.0121
1.25,0.15,175.0,EN AW-6082,DNMG150608,1.1462
1.25,0.15,175.0,41Cr4,DNMG150608,0.8687
1.25,0.15,200.0,20MnCr5,DNMG150608,1.0
1.25,0.15,200.0,EN AW-6082,DNMG150608,1.139
1.25,0.15,200.0,41Cr4,DNMG150608,0.8442
1.25,0.15,225.0,20MnCr5,DNMG150608,0.9944
1.25,0.15,225.0,EN AW-6082,DNMG150608,1.1369
1.25,0.15,225.0,41Cr4,DNMG150608,0.8222
1.25,0.15,250.0,20MnCr5,DNMG150608,0.9885
1.25,0.15,250.0,EN AW-6082,DNMG150608,1.136
1.25,0.15,250.0,41Cr4,DNMG150608,0.7965
1.25,0.15,275.0,20MnCr5,DNMG150608,0.9897
1.25,0.15,275.0,EN AW-6082,DNMG150608,1.1396
1.25,0.15,275.0,41Cr4,DNMG150608,0.7222
1.25,0.15,300.0,20MnCr5,DNMG150608,1.0
1.25,0.15,300.0,EN AW-6082,DNMG150608,1.1332
1.25,0.15,300.0,41Cr4,DNMG150608,0.8018
1.25,0.2,100.0,20MnCr5,DNMG150608,1.831
1.25,0.2,100.0,EN AW-6082,DNMG150608,1.817
1.25,0.2,100.0,41Cr4,DNMG150608,1.522
1.25,0.2,125.0,20MnCr5,DNMG150608,1.8277
1.25,0.2,125.0,EN AW-6082,DNMG150608,1.8017
1.25,0.2,125.0,41Cr4,DNMG150608,1.4873
1.25,0.2,150.0,20MnCr5,DNMG150608,1.8147
1.25,0.2,150.0,EN AW-6082,DNMG150608,1.7885
1.25,0.2,150.0,41Cr4,DNMG150608,1.4938
1.25,0.2,175.0,20MnCr5,DNMG150608,1.7916
1.25,0.2,175.0,EN AW-6082,DNMG150608,1.7724
1.25,0.2,175.0,41Cr4,DNMG150608,1.5071
1.25,0.2,200.0,20MnCr5,DNMG150608,1.8129
1.25,0.2,200.0,EN AW-6082,DNMG150608,1.7688
1.25,0.2,200.0,41Cr4,DNMG150608,1.5208
1.25,0.2,225.0,20MnCr5,DNMG150608,1.8077
1.25,0.2,225.0,EN AW-6082,DNMG150608,1.7777
1.25,0.2,225.0,41Cr4,DNMG150608,1.5234
1.25,0.2,250.0,20MnCr5,DNMG150608,1.8027
1.25,0.2,250.0,EN AW-6082,DNMG150608,1.7855
1.25,0.2,250.0,41Cr4,DNMG150608,1.5255
1.25,0.2,275.0,20MnCr5,DNMG150608,1.7983
1.25,0.2,275.0,EN AW-6082,DNMG150608,1.7872
1.25,0.2,275.0,41Cr4,DNMG150608,1.4946
1.25,0.2,300.0,20MnCr5,DNMG150608,1.794
1.25,0.2,300.0,EN AW-6082,DNMG150608,1.7877
1.25,0.2,300.0,41Cr4,DNMG150608,1.461
1.25,0.25,100.0,20MnCr5,DNMG150608,2.7158
1.25,0.25,100.0,EN AW-6082,DNMG150608,2.658
1.25,0.25,100.0,41Cr4,DNMG150608,2.318
1.25,0.25,125.0,20MnCr5,DNMG150608,2.7262
1.25,0.25,125.0,EN AW-6082,DNMG150608,2.661
1.25,0.25,125.0,41Cr4,DNMG150608,2.3313
1.25,0.25,150.0,20MnCr5,DNMG150608,2.7403
1.25,0.25,150.0,EN AW-6082,DNMG150608,2.6684
1.25,0.25,150.0,41Cr4,DNMG150608,2.3408
1.25,0.25,175.0,20MnCr5,DNMG150608,2.7518
1.25,0.25,175.0,EN AW-6082,DNMG150608,2.6753
1.25,0.25,175.0,41Cr4,DNMG150608,2.3435
1.25,0.25,200.0,20MnCr5,DNMG150608,2.759
1.25,0.25,200.0,EN AW-6082,DNMG150608,2.6794
1.25,0.25,200.0,41Cr4,DNMG150608,2.346
1.25,0.25,225.0,20MnCr5,DNMG150608,2.7492
1.25,0.25,225.0,EN AW-6082,DNMG150608,2.6783
1.25,0.25,225.0,41Cr4,DNMG150608,2.3388
1.25,0.25,250.0,20MnCr5,DNMG150608,2.7385
1.25,0.25,250.0,EN AW-6082,DNMG150608,2.6751
1.25,0.25,250.0,41Cr4,DNMG150608,2.3318
1.25,0.25,275.0,20MnCr5,DNMG150608,2.7276
1.25,0.25,275.0,EN AW-6082,DNMG150608,2.6729
1.25,0.25,275.0,41Cr4,DNMG150608,2.3379
1.25,0.25,300.0,20MnCr5,DNMG150608,2.719
1.25,0.25,300.0,EN AW-6082,DNMG150608,2.6716
1.25,0.25,300.0,41Cr4,DNMG150608,2.348
1.25,0.3,100.0,20MnCr5,DNMG150608,3.908
1.25,0.3,100.0,EN AW-6082,DNMG150608,3.858
1.25,0.3,100.0,41Cr4,DNMG150608,3.566
1.25,0.3,125.0,20MnCr5,DNMG150608,3.899
1.25,0.3,125.0,EN AW-6082,DNMG150608,3.8479
1.25,0.3,125.0,41Cr4,DNMG150608,3.5553
1.25,0.3,150.0,20MnCr5,DNMG150608,3.8852
1.25,0.3,150.0,EN AW-6082,DNMG150608,3.833
1.25,0.3,150.0,41Cr4,DNMG150608,3.545
1.25,0.3,175.0,20MnCr5,DNMG150608,3.8536
1.25,0.3,175.0,EN AW-6082,DNMG150608,3.8099
1.25,0.3,175.0,41Cr4,DNMG150608,3.5317
1.25,0.3,200.0,20MnCr5,DNMG150608,3.8185
1.25,0.3,200.0,EN AW-6082,DNMG150608,3.7822
1.25,0.3,200.0,41Cr4,DNMG150608,3.518
1.25,0.3,225.0,20MnCr5,DNMG150608,3.8174
1.25,0.3,225.0,EN AW-6082,DNMG150608,3.7868
1.25,0.3,225.0,41Cr4,DNMG150608,3.5042
1.25,0.3,250.0,20MnCr5,DNMG150608,3.815
1.25,0.3,250.0,EN AW-6082,DNMG150608,3.7928
1.25,0.3,250.0,41Cr4,DNMG150608,3.4908
1.25,0.3,275.0,20MnCr5,DNMG150608,3.8113
1.25,0.3,275.0,EN AW-6082,DNMG150608,3.7949
1.25,0.3,275.0,41Cr4,DNMG150608,3.4848
1.25,0.3,300.0,20MnCr5,DNMG150608,3.8065
1.25,0.3,300.0,EN AW-6082,DNMG150608,3.798
1.25,0.3,300.0,41Cr4,DNMG150608,3.479
1.5,0.1,100.0,20MnCr5,DNMG150608,0.578
1.5,0.1,100.0,EN AW-6082,DNMG150608,0.589
1.5,0.1,100.0,41Cr4,DNMG150608,0.628
1.5,0.1,125.0,20MnCr5,DNMG150608,0.7264
1.5,0.1,125.0,EN AW-6082,DNMG150608,0.5989
1.5,0.1,125.0,41Cr4,DNMG150608,0.5618
1.5,0.1,150.0,20MnCr5,DNMG150608,0.7297
1.5,0.1,150.0,EN AW-6082,DNMG150608,0.5951
1.5,0.1,150.0,41Cr4,DNMG150608,0.5253
1.5,0.1,175.0,20MnCr5,DNMG150608,0.5829
1.5,0.1,175.0,EN AW-6082,DNMG150608,0.6214
1.5,0.1,175.0,41Cr4,DNMG150608,0.5279
1.5,0.1,200.0,20MnCr5,DNMG150608,0.457
1.5,0.1,200.0,EN AW-6082,DNMG150608,0.649
1.5,0.1,200.0,41Cr4,DNMG150608,0.525
1.5,0.1,225.0,20MnCr5,DNMG150608,0.4591
1.5,0.1,225.0,EN AW-6082,DNMG150608,0.6367
1.5,0.1,225.0,41Cr4,DNMG150608,0.4948
1.5,0.1,250.0,20MnCr5,DNMG150608,0.4621
1.5,0.1,250.0,EN AW-6082,DNMG150608,0.6191
1.5,0.1,250.0,41Cr4,DNMG150608,0.4481
1.5,0.1,275.0,20MnCr5,DNMG150608,0.4561
1.5,0.1,275.0,EN AW-6082,DNMG150608,0.6135
1.5,0.1,275.0,41Cr4,DNMG150608,0.4278
1.5,0.1,300.0,20MnCr5,DNMG150608,0.443
1.5,0.1,300.0,EN AW-6082,DNMG150608,0.6079
1.5,0.1,300.0,41Cr4,DNMG150608,0.396
1.5,0.15,100.0,20MnCr5,DNMG150608,1.0487
1.5,0.15,100.0,EN AW-6082,DNMG150608,1.2049
1.5,0.15,100.0,41Cr4,DNMG150608,0.907
1.5,0.15,125.0,20MnCr5,DNMG150608,1.036
1.5,0.15,125.0,EN AW-6082,DNMG150608,1.1777
1.5,0.15,125.0,41Cr4,DNMG150608,0.9066
1.5,0.15,150.0,20MnCr5,DNMG150608,1.0352
1.5,0.15,150.0,EN AW-6082,DNMG150608,1.1496
1.5,0.15,150.0,41Cr4,DNMG150608,0.8977
1.5,0.15,175.0,20MnCr5,DNMG150608,1.0053
1.5,0.15,175.0,EN AW-6082,DNMG150608,1.1419
1.5,0.15,175.0,41Cr4,DNMG150608,0.8676
1.5,0.15,200.0,20MnCr5,DNMG150608,0.993
1.5,0.15,200.0,EN AW-6082,DNMG150608,1.135
1.5,0.15,200.0,41Cr4,DNMG150608,0.842
1.5,0.15,225.0,20MnCr5,DNMG150608,0.9891
1.5,0.15,225.0,EN AW-6082,DNMG150608,1.1334
1.5,0.15,225.0,41Cr4,DNMG150608,0.8209
1.5,0.15,250.0,20MnCr5,DNMG150608,0.9851
1.5,0.15,250.0,EN AW-6082,DNMG150608,1.1329
1.5,0.15,250.0,41Cr4,DNMG150608,0.7961
1.5,0.15,275.0,20MnCr5,DNMG150608,0.9877
1.5,0.15,275.0,EN AW-6082,DNMG150608,1.1372
1.5,0.15,275.0,41Cr4,DNMG150608,0.7232
1.5,0.15,300.0,20MnCr5,DNMG150608,0.9962
1.5,0.15,300.0,EN AW-6082,DNMG150608,1.1324
1.5,0.15,300.0,41Cr4,DNMG150608,0.8022
1.5,0.2,100.0,20MnCr5,DNMG150608,1.831
1.5,0.2,100.0,EN AW-6082,DNMG150608,1.817
1.5,0.2,100.0,41Cr4,DNMG150608,1.522
1.5,0.2,125.0,20MnCr5,DNMG150608,1.8277
1.5,0.2,125.0,EN AW-6082,DNMG150608,1.8017
1.5,0.2,125.0,41Cr4,DNMG150608,1.4873
1.5,0.2,150.0,20MnCr5,DNMG150608,1.8147
1.5,0.2,150.0,EN AW-6082,DNMG150608,1.7884
1.5,0.2,150.0,41Cr4,DNMG150608,1.4938
1.5,0.2,175.0,20MnCr5,DNMG150608,1.7916
1.5,0.2,175.0,EN AW-6082,DNMG150608,1.7724
1.5,0.2,175.0,41Cr4,DNMG150608,1.5071
1.5,0.2,200.0,20MnCr5,DNMG150608,1.8129
1.5,0.2,200.0,EN AW-6082,DNMG150608,1.7688
1.5,0.2,200.0,41Cr4,DNMG150608,1.5208
1.5,0.2,225.0,20MnCr5,DNMG150608,1.8077
1.5,0.2,225.0,EN AW-6082,DNMG150608,1.7777
1.5,0.2,225.0,41Cr4,DNMG150608,1.5234
1.5,0.2,250.0,20MnCr5,DNMG150608,1.8027
1.5,0.2,250.0,EN AW-6082,DNMG150608,1.7855
1.5,0.2,250.0,41Cr4,DNMG150608,1.5255
1.5,0.2,275.0,20MnCr5,DNMG150608,1.7983
1.5,0.2,275.0,EN AW-6082,DNMG150608,1.7872
1.5,0.2,275.0,41Cr4,DNMG150608,1.4946
1.5,0.2,300.0,20MnCr5,DNMG150608,1.794
1.5,0.2,300.0,EN AW-6082,DNMG150608,1.7877
1.5,0.2,300.0,41Cr4,DNMG150608,1.461
1.5,0.25,100.0,20MnCr5,DNMG150608,2.7158
1.5,0.25,100.0,EN AW-6082,DNMG150608,2.658
1.5,0.25,100.0,41Cr4,DNMG150608,2.318
1.5,0.25,125.0,20MnCr5,DNMG150608,2.7262
1.5,0.25,125.0,EN AW-6082,DNMG150608,2.661
1.5,0.25,125.0,41Cr4,DNMG150608,2.3313
1.5,0.25,150.0,20MnCr5,DNMG150608,2.7403
1.5,0.25,150.0,EN AW-6082,DNMG150608,2.6684
1.5,0.25,150.0,41Cr4,DNMG150608,2.3408
1.5,0.25,175.0,20MnCr5,DNMG150608,2.7518
1.5,0.25,175.0,EN AW-6082,DNMG150608,2.6753
1.5,0.25,175.0,41Cr4,DNMG150608,2.3435
1.5,0.25,200.0,20MnCr5,DNMG150608,2.759
1.5,0.25,200.0,EN AW-6082,DNMG150608,2.6794
1.5,0.25,200.0,41Cr4,DNMG150608,2.346
1.5,0.25,225.0,20MnCr5,DNMG150608,2.7492
1.5,0.25,225.0,EN AW-6082,DNMG150608,2.6783
1.5,0.25,225.0,41Cr4,DNMG150608,2.3388
1.5,0.25,250.0,20MnCr5,DNMG150608,2.7385
1.5,0.25,250.0,EN AW-6082,DNMG150608,2.6751
1.5,0.25,250.0,41Cr4,DNMG150608,2.3318
1.5,0.25,275.0,20MnCr5,DNMG150608,2.7276
1.5,0.25,275.0,EN AW-6082,DNMG150608,2.6729
1.5,0.25,275.0,41Cr4,DNMG150608,2.3379
1.5,0.25,300.0,20MnCr5,DNMG150608,2.719
1.5,0.25,300.0,EN AW-6082,DNMG150608,2.6716
1.5,0.25,300.0,41Cr4,DNMG150608,2.348
1.5,0.3,100.0,20MnCr5,DNMG150608,3.908
1.5,0.3,100.0,EN AW-6082,DNMG150608,3.858
1.5,0.3,100.0,41Cr4,DNMG150608,3.566
1.5,0.3,125.0,20MnCr5,DNMG150608,3.899
1.5,0.3,125.0,EN AW-6082,DNMG150608,3.8479
1.5,0.3,125.0,41Cr4,DNMG150608,3.5553
1.5,0.3,150.0,20MnCr5,DNMG150608,3.8852
1.5,0.3,150.0,EN AW-6082,DNMG150608,3.833
1.5,0.3,150.0,41Cr4,DNMG150608,3.545
1.5,0.3,175.0,20MnCr5,DNMG150608,3.8536
1.5,0.3,175.0,EN AW-6082,DNMG150608,3.8099
1.5,0.3,175.0,41Cr4,DNMG150608,3.5317
1.5,0.3,200.0,20MnCr5,DNMG150608,3.8185
1.5,0.3,200.0,EN AW-6082,DNMG150608,3.7822
1.5,0.3,200.0,41Cr4,DNMG150608,3.518
1.5,0.3,225.0,20MnCr5,DNMG150608,3.8174
1.5,0.3,225.0,EN AW-6082,DNMG150608,3.7868
1.5,0.3,225.0,41Cr4,DNMG150608,3.5042
1.5,0.3,250.0,20MnCr5,DNMG150608,3.815
1.5,0.3,250.0,EN AW-6082,DNMG150608,3.7928
1.5,0.3,250.0,41Cr4,DNMG150608,3.4908
1.5,0.3,275.0,20MnCr5,DNMG150608,3.8113
1.5,0.3,275.0,EN AW-6082,DNMG150608,3.7949
1.5,0.3,275.0,41Cr4,DNMG150608,3.4848
1.5,0.3,300.0,20MnCr5,DNMG150608,3.8065
1.5,0.3,300.0,EN AW-6082,DNMG150608,3.798
1.5,0.3,300.0,41Cr4,DNMG150608,3.479
